FileName,StrLabel,Label
y369.jpg,yes,1
y1343.jpg,yes,1
y1425.jpg,yes,1
y1431.jpg,yes,1
y1357.jpg,yes,1
y355.jpg,yes,1
y433.jpg,yes,1
y1419.jpg,yes,1
y427.jpg,yes,1
y341.jpg,yes,1
y1380.jpg,yes,1
y1394.jpg,yes,1
y396.jpg,yes,1
y382.jpg,yes,1
y1141.jpg,yes,1
y1155.jpg,yes,1
y619.jpg,yes,1
y631.jpg,yes,1
y157.jpg,yes,1
y143.jpg,yes,1
y1169.jpg,yes,1
y6.jpg,yes,1
y625.jpg,yes,1
y816.jpg,yes,1
y1182.jpg,yes,1
y1196.jpg,yes,1
y802.jpg,yes,1
y194.jpg,yes,1
y180.jpg,yes,1
y779.jpg,yes,1
y1035.jpg,yes,1
y1021.jpg,yes,1
y745.jpg,yes,1
y1009.jpg,yes,1
y989.jpg,yes,1
y751.jpg,yes,1
y962.jpg,yes,1
y976.jpg,yes,1
y786.jpg,yes,1
y792.jpg,yes,1
y1237.jpg,yes,1
y209.jpg,yes,1
y1223.jpg,yes,1
y84.jpg,yes,1
y221.jpg,yes,1
y547.jpg,yes,1
y553.jpg,yes,1
y90.jpg,yes,1
y235.jpg,yes,1
y47.jpg,yes,1
y584.jpg,yes,1
y590.jpg,yes,1
y53.jpg,yes,1
y591.jpg,yes,1
y52.jpg,yes,1
y46.jpg,yes,1
y585.jpg,yes,1
y552.jpg,yes,1
y234.jpg,yes,1
y91.jpg,yes,1
y220.jpg,yes,1
y85.jpg,yes,1
y546.jpg,yes,1
y208.jpg,yes,1
y1222.jpg,yes,1
y1236.jpg,yes,1
y793.jpg,yes,1
y787.jpg,yes,1
y977.jpg,yes,1
y963.jpg,yes,1
y750.jpg,yes,1
y988.jpg,yes,1
y744.jpg,yes,1
y1008.jpg,yes,1
y1020.jpg,yes,1
y778.jpg,yes,1
y1034.jpg,yes,1
y181.jpg,yes,1
y195.jpg,yes,1
y1197.jpg,yes,1
y803.jpg,yes,1
y817.jpg,yes,1
y1183.jpg,yes,1
y142.jpg,yes,1
y1168.jpg,yes,1
y624.jpg,yes,1
y7.jpg,yes,1
y630.jpg,yes,1
y156.jpg,yes,1
y1154.jpg,yes,1
y618.jpg,yes,1
y1140.jpg,yes,1
y383.jpg,yes,1
y397.jpg,yes,1
y1395.jpg,yes,1
y1381.jpg,yes,1
y426.jpg,yes,1
y340.jpg,yes,1
y354.jpg,yes,1
y432.jpg,yes,1
y1418.jpg,yes,1
y1430.jpg,yes,1
y1356.jpg,yes,1
y368.jpg,yes,1
y1342.jpg,yes,1
y1424.jpg,yes,1
y1354.jpg,yes,1
y418.jpg,yes,1
y1432.jpg,yes,1
y1426.jpg,yes,1
y1340.jpg,yes,1
y342.jpg,yes,1
y1368.jpg,yes,1
y424.jpg,yes,1
y430.jpg,yes,1
y356.jpg,yes,1
y1397.jpg,yes,1
y1383.jpg,yes,1
y381.jpg,yes,1
y395.jpg,yes,1
y1156.jpg,yes,1
y168.jpg,yes,1
y1142.jpg,yes,1
y5.jpg,yes,1
y626.jpg,yes,1
y140.jpg,yes,1
y154.jpg,yes,1
y632.jpg,yes,1
y801.jpg,yes,1
y1195.jpg,yes,1
y1181.jpg,yes,1
y815.jpg,yes,1
y183.jpg,yes,1
y197.jpg,yes,1
y829.jpg,yes,1
y1022.jpg,yes,1
y1036.jpg,yes,1
y752.jpg,yes,1
y746.jpg,yes,1
y975.jpg,yes,1
y961.jpg,yes,1
y791.jpg,yes,1
y949.jpg,yes,1
y785.jpg,yes,1
y1220.jpg,yes,1
y578.jpg,yes,1
y1234.jpg,yes,1
y93.jpg,yes,1
y236.jpg,yes,1
y550.jpg,yes,1
y544.jpg,yes,1
y87.jpg,yes,1
y222.jpg,yes,1
y1208.jpg,yes,1
y78.jpg,yes,1
y50.jpg,yes,1
y593.jpg,yes,1
y587.jpg,yes,1
y44.jpg,yes,1
y586.jpg,yes,1
y45.jpg,yes,1
y51.jpg,yes,1
y592.jpg,yes,1
y79.jpg,yes,1
y545.jpg,yes,1
y223.jpg,yes,1
y1209.jpg,yes,1
y86.jpg,yes,1
y237.jpg,yes,1
y92.jpg,yes,1
y551.jpg,yes,1
y579.jpg,yes,1
y1235.jpg,yes,1
y1221.jpg,yes,1
y784.jpg,yes,1
y948.jpg,yes,1
y790.jpg,yes,1
y960.jpg,yes,1
y974.jpg,yes,1
y747.jpg,yes,1
y753.jpg,yes,1
y1037.jpg,yes,1
y1023.jpg,yes,1
y196.jpg,yes,1
y828.jpg,yes,1
y182.jpg,yes,1
y1180.jpg,yes,1
y814.jpg,yes,1
y800.jpg,yes,1
y1194.jpg,yes,1
y155.jpg,yes,1
y633.jpg,yes,1
y627.jpg,yes,1
y4.jpg,yes,1
y141.jpg,yes,1
y169.jpg,yes,1
y1143.jpg,yes,1
y1157.jpg,yes,1
y394.jpg,yes,1
y380.jpg,yes,1
y1382.jpg,yes,1
y1396.jpg,yes,1
y431.jpg,yes,1
y357.jpg,yes,1
y343.jpg,yes,1
y1369.jpg,yes,1
y425.jpg,yes,1
y1427.jpg,yes,1
y1341.jpg,yes,1
y1355.jpg,yes,1
y419.jpg,yes,1
y1433.jpg,yes,1
y421.jpg,yes,1
y347.jpg,yes,1
y353.jpg,yes,1
y1379.jpg,yes,1
y435.jpg,yes,1
y1437.jpg,yes,1
y1351.jpg,yes,1
y1345.jpg,yes,1
y409.jpg,yes,1
y1423.jpg,yes,1
y384.jpg,yes,1
y390.jpg,yes,1
y1392.jpg,yes,1
y1386.jpg,yes,1
y145.jpg,yes,1
y0.jpg,yes,1
y623.jpg,yes,1
y637.jpg,yes,1
y151.jpg,yes,1
y179.jpg,yes,1
y1153.jpg,yes,1
y1147.jpg,yes,1
y186.jpg,yes,1
y838.jpg,yes,1
y192.jpg,yes,1
y1190.jpg,yes,1
y804.jpg,yes,1
y810.jpg,yes,1
y1184.jpg,yes,1
y757.jpg,yes,1
y743.jpg,yes,1
y1027.jpg,yes,1
y1033.jpg,yes,1
y794.jpg,yes,1
y780.jpg,yes,1
y958.jpg,yes,1
y970.jpg,yes,1
y964.jpg,yes,1
y555.jpg,yes,1
y96.jpg,yes,1
y233.jpg,yes,1
y1219.jpg,yes,1
y82.jpg,yes,1
y227.jpg,yes,1
y541.jpg,yes,1
y569.jpg,yes,1
y1225.jpg,yes,1
y1231.jpg,yes,1
y596.jpg,yes,1
y55.jpg,yes,1
y41.jpg,yes,1
y582.jpg,yes,1
y69.jpg,yes,1
y68.jpg,yes,1
y40.jpg,yes,1
y583.jpg,yes,1
y597.jpg,yes,1
y54.jpg,yes,1
y1230.jpg,yes,1
y568.jpg,yes,1
y1224.jpg,yes,1
y226.jpg,yes,1
y83.jpg,yes,1
y540.jpg,yes,1
y554.jpg,yes,1
y232.jpg,yes,1
y1218.jpg,yes,1
y97.jpg,yes,1
y965.jpg,yes,1
y971.jpg,yes,1
y959.jpg,yes,1
y781.jpg,yes,1
y795.jpg,yes,1
y1032.jpg,yes,1
y1026.jpg,yes,1
y742.jpg,yes,1
y756.jpg,yes,1
y811.jpg,yes,1
y1185.jpg,yes,1
y1191.jpg,yes,1
y805.jpg,yes,1
y193.jpg,yes,1
y187.jpg,yes,1
y839.jpg,yes,1
y1146.jpg,yes,1
y178.jpg,yes,1
y1152.jpg,yes,1
y636.jpg,yes,1
y150.jpg,yes,1
y144.jpg,yes,1
y622.jpg,yes,1
y1.jpg,yes,1
y1387.jpg,yes,1
y1393.jpg,yes,1
y391.jpg,yes,1
y385.jpg,yes,1
y1344.jpg,yes,1
y408.jpg,yes,1
y1422.jpg,yes,1
y1436.jpg,yes,1
y1350.jpg,yes,1
y352.jpg,yes,1
y1378.jpg,yes,1
y434.jpg,yes,1
y420.jpg,yes,1
y346.jpg,yes,1
y436.jpg,yes,1
y350.jpg,yes,1
y344.jpg,yes,1
y422.jpg,yes,1
y1408.jpg,yes,1
y1420.jpg,yes,1
y1346.jpg,yes,1
y378.jpg,yes,1
y1352.jpg,yes,1
y1434.jpg,yes,1
y393.jpg,yes,1
y387.jpg,yes,1
y1385.jpg,yes,1
y1391.jpg,yes,1
y152.jpg,yes,1
y1178.jpg,yes,1
y634.jpg,yes,1
y3.jpg,yes,1
y620.jpg,yes,1
y146.jpg,yes,1
y1144.jpg,yes,1
y608.jpg,yes,1
y1150.jpg,yes,1
y191.jpg,yes,1
y185.jpg,yes,1
y1187.jpg,yes,1
y813.jpg,yes,1
y807.jpg,yes,1
y1193.jpg,yes,1
y998.jpg,yes,1
y740.jpg,yes,1
y754.jpg,yes,1
y1018.jpg,yes,1
y1030.jpg,yes,1
y768.jpg,yes,1
y1024.jpg,yes,1
y783.jpg,yes,1
y797.jpg,yes,1
y967.jpg,yes,1
y973.jpg,yes,1
y542.jpg,yes,1
y81.jpg,yes,1
y224.jpg,yes,1
y95.jpg,yes,1
y230.jpg,yes,1
y556.jpg,yes,1
y218.jpg,yes,1
y1232.jpg,yes,1
y1226.jpg,yes,1
y581.jpg,yes,1
y42.jpg,yes,1
y56.jpg,yes,1
y595.jpg,yes,1
y57.jpg,yes,1
y594.jpg,yes,1
y580.jpg,yes,1
y43.jpg,yes,1
y1227.jpg,yes,1
y219.jpg,yes,1
y1233.jpg,yes,1
y231.jpg,yes,1
y94.jpg,yes,1
y557.jpg,yes,1
y543.jpg,yes,1
y225.jpg,yes,1
y80.jpg,yes,1
y972.jpg,yes,1
y966.jpg,yes,1
y796.jpg,yes,1
y782.jpg,yes,1
y769.jpg,yes,1
y1025.jpg,yes,1
y1031.jpg,yes,1
y755.jpg,yes,1
y1019.jpg,yes,1
y741.jpg,yes,1
y999.jpg,yes,1
y806.jpg,yes,1
y1192.jpg,yes,1
y1186.jpg,yes,1
y812.jpg,yes,1
y184.jpg,yes,1
y190.jpg,yes,1
y1151.jpg,yes,1
y1145.jpg,yes,1
y609.jpg,yes,1
y621.jpg,yes,1
y2.jpg,yes,1
y147.jpg,yes,1
y153.jpg,yes,1
y1179.jpg,yes,1
y635.jpg,yes,1
y1390.jpg,yes,1
y1384.jpg,yes,1
y386.jpg,yes,1
y392.jpg,yes,1
y379.jpg,yes,1
y1353.jpg,yes,1
y1435.jpg,yes,1
y1421.jpg,yes,1
y1347.jpg,yes,1
y345.jpg,yes,1
y423.jpg,yes,1
y1409.jpg,yes,1
y437.jpg,yes,1
y351.jpg,yes,1
y1446.jpg,yes,1
y1320.jpg,yes,1
y1334.jpg,yes,1
y478.jpg,yes,1
y1452.jpg,yes,1
y450.jpg,yes,1
y336.jpg,yes,1
y322.jpg,yes,1
y1308.jpg,yes,1
y444.jpg,yes,1
y1485.jpg,yes,1
y1491.jpg,yes,1
y493.jpg,yes,1
y487.jpg,yes,1
y108.jpg,yes,1
y1122.jpg,yes,1
y1136.jpg,yes,1
y134.jpg,yes,1
y652.jpg,yes,1
y646.jpg,yes,1
y120.jpg,yes,1
y875.jpg,yes,1
y861.jpg,yes,1
y849.jpg,yes,1
y691.jpg,yes,1
y685.jpg,yes,1
y1056.jpg,yes,1
y1042.jpg,yes,1
y726.jpg,yes,1
y732.jpg,yes,1
y1095.jpg,yes,1
y901.jpg,yes,1
y915.jpg,yes,1
y1081.jpg,yes,1
y929.jpg,yes,1
y518.jpg,yes,1
y1254.jpg,yes,1
y1240.jpg,yes,1
y524.jpg,yes,1
y242.jpg,yes,1
y1268.jpg,yes,1
y256.jpg,yes,1
y530.jpg,yes,1
y1297.jpg,yes,1
y18.jpg,yes,1
y1283.jpg,yes,1
y281.jpg,yes,1
y24.jpg,yes,1
y295.jpg,yes,1
y30.jpg,yes,1
y31.jpg,yes,1
y294.jpg,yes,1
y25.jpg,yes,1
y280.jpg,yes,1
y1282.jpg,yes,1
y19.jpg,yes,1
y1296.jpg,yes,1
y257.jpg,yes,1
y531.jpg,yes,1
y525.jpg,yes,1
y243.jpg,yes,1
y1269.jpg,yes,1
y1241.jpg,yes,1
y519.jpg,yes,1
y1255.jpg,yes,1
y928.jpg,yes,1
y914.jpg,yes,1
y1080.jpg,yes,1
y1094.jpg,yes,1
y900.jpg,yes,1
y733.jpg,yes,1
y727.jpg,yes,1
y1043.jpg,yes,1
y1057.jpg,yes,1
y684.jpg,yes,1
y690.jpg,yes,1
y848.jpg,yes,1
y860.jpg,yes,1
y874.jpg,yes,1
y647.jpg,yes,1
y121.jpg,yes,1
y135.jpg,yes,1
y653.jpg,yes,1
y1137.jpg,yes,1
y109.jpg,yes,1
y1123.jpg,yes,1
y486.jpg,yes,1
y492.jpg,yes,1
y1490.jpg,yes,1
y1484.jpg,yes,1
y323.jpg,yes,1
y1309.jpg,yes,1
y445.jpg,yes,1
y451.jpg,yes,1
y337.jpg,yes,1
y1335.jpg,yes,1
y479.jpg,yes,1
y1453.jpg,yes,1
y1447.jpg,yes,1
y1321.jpg,yes,1
y1451.jpg,yes,1
y1337.jpg,yes,1
y309.jpg,yes,1
y1323.jpg,yes,1
y1445.jpg,yes,1
y447.jpg,yes,1
y321.jpg,yes,1
y335.jpg,yes,1
y453.jpg,yes,1
y1479.jpg,yes,1
y1492.jpg,yes,1
y1486.jpg,yes,1
y484.jpg,yes,1
y490.jpg,yes,1
y1135.jpg,yes,1
y679.jpg,yes,1
y1121.jpg,yes,1
y123.jpg,yes,1
y1109.jpg,yes,1
y645.jpg,yes,1
y651.jpg,yes,1
y889.jpg,yes,1
y137.jpg,yes,1
y862.jpg,yes,1
y876.jpg,yes,1
y686.jpg,yes,1
y692.jpg,yes,1
y1041.jpg,yes,1
y719.jpg,yes,1
y1055.jpg,yes,1
y731.jpg,yes,1
y725.jpg,yes,1
y1069.jpg,yes,1
y1082.jpg,yes,1
y916.jpg,yes,1
y902.jpg,yes,1
y1096.jpg,yes,1
y269.jpg,yes,1
y1243.jpg,yes,1
y1257.jpg,yes,1
y533.jpg,yes,1
y255.jpg,yes,1
y241.jpg,yes,1
y527.jpg,yes,1
y1280.jpg,yes,1
y1294.jpg,yes,1
y296.jpg,yes,1
y33.jpg,yes,1
y282.jpg,yes,1
y27.jpg,yes,1
y26.jpg,yes,1
y283.jpg,yes,1
y32.jpg,yes,1
y297.jpg,yes,1
y1295.jpg,yes,1
y1281.jpg,yes,1
y240.jpg,yes,1
y526.jpg,yes,1
y532.jpg,yes,1
y254.jpg,yes,1
y1256.jpg,yes,1
y268.jpg,yes,1
y1242.jpg,yes,1
y903.jpg,yes,1
y1097.jpg,yes,1
y1083.jpg,yes,1
y917.jpg,yes,1
y724.jpg,yes,1
y1068.jpg,yes,1
y730.jpg,yes,1
y718.jpg,yes,1
y1054.jpg,yes,1
y1040.jpg,yes,1
y693.jpg,yes,1
y687.jpg,yes,1
y877.jpg,yes,1
y863.jpg,yes,1
y888.jpg,yes,1
y650.jpg,yes,1
y136.jpg,yes,1
y122.jpg,yes,1
y1108.jpg,yes,1
y644.jpg,yes,1
y1120.jpg,yes,1
y1134.jpg,yes,1
y678.jpg,yes,1
y491.jpg,yes,1
y485.jpg,yes,1
y1487.jpg,yes,1
y1493.jpg,yes,1
y334.jpg,yes,1
y452.jpg,yes,1
y1478.jpg,yes,1
y446.jpg,yes,1
y320.jpg,yes,1
y308.jpg,yes,1
y1322.jpg,yes,1
y1444.jpg,yes,1
y1450.jpg,yes,1
y1336.jpg,yes,1
y324.jpg,yes,1
y442.jpg,yes,1
y1468.jpg,yes,1
y456.jpg,yes,1
y330.jpg,yes,1
y318.jpg,yes,1
y1332.jpg,yes,1
y1454.jpg,yes,1
y1440.jpg,yes,1
y1326.jpg,yes,1
y481.jpg,yes,1
y495.jpg,yes,1
y1497.jpg,yes,1
y1483.jpg,yes,1
y640.jpg,yes,1
y898.jpg,yes,1
y126.jpg,yes,1
y132.jpg,yes,1
y1118.jpg,yes,1
y654.jpg,yes,1
y1130.jpg,yes,1
y1124.jpg,yes,1
y668.jpg,yes,1
y683.jpg,yes,1
y697.jpg,yes,1
y867.jpg,yes,1
y873.jpg,yes,1
y734.jpg,yes,1
y1078.jpg,yes,1
y720.jpg,yes,1
y708.jpg,yes,1
y1044.jpg,yes,1
y1050.jpg,yes,1
y913.jpg,yes,1
y1087.jpg,yes,1
y1093.jpg,yes,1
y907.jpg,yes,1
y250.jpg,yes,1
y536.jpg,yes,1
y522.jpg,yes,1
y244.jpg,yes,1
y1246.jpg,yes,1
y278.jpg,yes,1
y1252.jpg,yes,1
y293.jpg,yes,1
y36.jpg,yes,1
y287.jpg,yes,1
y22.jpg,yes,1
y1285.jpg,yes,1
y1291.jpg,yes,1
y1290.jpg,yes,1
y1284.jpg,yes,1
y23.jpg,yes,1
y286.jpg,yes,1
y37.jpg,yes,1
y292.jpg,yes,1
y279.jpg,yes,1
y1253.jpg,yes,1
y1247.jpg,yes,1
y523.jpg,yes,1
y245.jpg,yes,1
y251.jpg,yes,1
y537.jpg,yes,1
y1092.jpg,yes,1
y906.jpg,yes,1
y912.jpg,yes,1
y1086.jpg,yes,1
y1051.jpg,yes,1
y709.jpg,yes,1
y1045.jpg,yes,1
y721.jpg,yes,1
y735.jpg,yes,1
y1079.jpg,yes,1
y872.jpg,yes,1
y866.jpg,yes,1
y696.jpg,yes,1
y682.jpg,yes,1
y1125.jpg,yes,1
y669.jpg,yes,1
y1131.jpg,yes,1
y133.jpg,yes,1
y1119.jpg,yes,1
y655.jpg,yes,1
y899.jpg,yes,1
y641.jpg,yes,1
y127.jpg,yes,1
y1482.jpg,yes,1
y1496.jpg,yes,1
y494.jpg,yes,1
y480.jpg,yes,1
y1441.jpg,yes,1
y1327.jpg,yes,1
y319.jpg,yes,1
y1333.jpg,yes,1
y1455.jpg,yes,1
y457.jpg,yes,1
y331.jpg,yes,1
y325.jpg,yes,1
y443.jpg,yes,1
y1469.jpg,yes,1
y333.jpg,yes,1
y1319.jpg,yes,1
y455.jpg,yes,1
y441.jpg,yes,1
y327.jpg,yes,1
y1325.jpg,yes,1
y469.jpg,yes,1
y1443.jpg,yes,1
y1457.jpg,yes,1
y1331.jpg,yes,1
y496.jpg,yes,1
y482.jpg,yes,1
y1480.jpg,yes,1
y1494.jpg,yes,1
y657.jpg,yes,1
y131.jpg,yes,1
y125.jpg,yes,1
y643.jpg,yes,1
y1127.jpg,yes,1
y119.jpg,yes,1
y1133.jpg,yes,1
y694.jpg,yes,1
y858.jpg,yes,1
y680.jpg,yes,1
y870.jpg,yes,1
y864.jpg,yes,1
y723.jpg,yes,1
y737.jpg,yes,1
y1053.jpg,yes,1
y1047.jpg,yes,1
y938.jpg,yes,1
y904.jpg,yes,1
y1090.jpg,yes,1
y1084.jpg,yes,1
y910.jpg,yes,1
y247.jpg,yes,1
y521.jpg,yes,1
y535.jpg,yes,1
y253.jpg,yes,1
y1279.jpg,yes,1
y1251.jpg,yes,1
y509.jpg,yes,1
y1245.jpg,yes,1
y284.jpg,yes,1
y21.jpg,yes,1
y290.jpg,yes,1
y35.jpg,yes,1
y1292.jpg,yes,1
y1286.jpg,yes,1
y1287.jpg,yes,1
y1293.jpg,yes,1
y34.jpg,yes,1
y291.jpg,yes,1
y20.jpg,yes,1
y285.jpg,yes,1
y508.jpg,yes,1
y1244.jpg,yes,1
y1250.jpg,yes,1
y534.jpg,yes,1
y252.jpg,yes,1
y1278.jpg,yes,1
y246.jpg,yes,1
y520.jpg,yes,1
y1085.jpg,yes,1
y911.jpg,yes,1
y905.jpg,yes,1
y1091.jpg,yes,1
y939.jpg,yes,1
y1046.jpg,yes,1
y1052.jpg,yes,1
y736.jpg,yes,1
y722.jpg,yes,1
y865.jpg,yes,1
y871.jpg,yes,1
y681.jpg,yes,1
y859.jpg,yes,1
y695.jpg,yes,1
y118.jpg,yes,1
y1132.jpg,yes,1
y1126.jpg,yes,1
y124.jpg,yes,1
y642.jpg,yes,1
y656.jpg,yes,1
y130.jpg,yes,1
y1495.jpg,yes,1
y1481.jpg,yes,1
y483.jpg,yes,1
y497.jpg,yes,1
y1456.jpg,yes,1
y1330.jpg,yes,1
y1324.jpg,yes,1
y468.jpg,yes,1
y1442.jpg,yes,1
y440.jpg,yes,1
y326.jpg,yes,1
y332.jpg,yes,1
y1318.jpg,yes,1
y454.jpg,yes,1
y1467.jpg,yes,1
y1301.jpg,yes,1
y1315.jpg,yes,1
y1473.jpg,yes,1
y459.jpg,yes,1
y471.jpg,yes,1
y317.jpg,yes,1
y1329.jpg,yes,1
y303.jpg,yes,1
y465.jpg,yes,1
y1498.jpg,yes,1
y1103.jpg,yes,1
y129.jpg,yes,1
y897.jpg,yes,1
y883.jpg,yes,1
y1117.jpg,yes,1
y115.jpg,yes,1
y673.jpg,yes,1
y667.jpg,yes,1
y101.jpg,yes,1
y854.jpg,yes,1
y840.jpg,yes,1
y698.jpg,yes,1
y868.jpg,yes,1
y1077.jpg,yes,1
y1063.jpg,yes,1
y707.jpg,yes,1
y713.jpg,yes,1
y920.jpg,yes,1
y934.jpg,yes,1
y1088.jpg,yes,1
y908.jpg,yes,1
y539.jpg,yes,1
y1275.jpg,yes,1
y1261.jpg,yes,1
y505.jpg,yes,1
y1249.jpg,yes,1
y263.jpg,yes,1
y277.jpg,yes,1
y511.jpg,yes,1
y39.jpg,yes,1
y288.jpg,yes,1
y11.jpg,yes,1
y10.jpg,yes,1
y289.jpg,yes,1
y38.jpg,yes,1
y276.jpg,yes,1
y510.jpg,yes,1
y504.jpg,yes,1
y1248.jpg,yes,1
y262.jpg,yes,1
y1260.jpg,yes,1
y538.jpg,yes,1
y1274.jpg,yes,1
y909.jpg,yes,1
y1089.jpg,yes,1
y935.jpg,yes,1
y921.jpg,yes,1
y712.jpg,yes,1
y706.jpg,yes,1
y1062.jpg,yes,1
y1076.jpg,yes,1
y869.jpg,yes,1
y699.jpg,yes,1
y841.jpg,yes,1
y855.jpg,yes,1
y666.jpg,yes,1
y100.jpg,yes,1
y114.jpg,yes,1
y672.jpg,yes,1
y882.jpg,yes,1
y1116.jpg,yes,1
y1102.jpg,yes,1
y128.jpg,yes,1
y896.jpg,yes,1
y1499.jpg,yes,1
y1328.jpg,yes,1
y302.jpg,yes,1
y464.jpg,yes,1
y470.jpg,yes,1
y316.jpg,yes,1
y1314.jpg,yes,1
y1472.jpg,yes,1
y458.jpg,yes,1
y1466.jpg,yes,1
y1300.jpg,yes,1
y1470.jpg,yes,1
y1316.jpg,yes,1
y1302.jpg,yes,1
y328.jpg,yes,1
y1464.jpg,yes,1
y466.jpg,yes,1
y300.jpg,yes,1
y314.jpg,yes,1
y1458.jpg,yes,1
y472.jpg,yes,1
y499.jpg,yes,1
y1114.jpg,yes,1
y658.jpg,yes,1
y880.jpg,yes,1
y894.jpg,yes,1
y1100.jpg,yes,1
y1128.jpg,yes,1
y102.jpg,yes,1
y664.jpg,yes,1
y670.jpg,yes,1
y116.jpg,yes,1
y843.jpg,yes,1
y857.jpg,yes,1
y1060.jpg,yes,1
y738.jpg,yes,1
y1074.jpg,yes,1
y710.jpg,yes,1
y704.jpg,yes,1
y1048.jpg,yes,1
y937.jpg,yes,1
y923.jpg,yes,1
y1262.jpg,yes,1
y248.jpg,yes,1
y1276.jpg,yes,1
y512.jpg,yes,1
y274.jpg,yes,1
y260.jpg,yes,1
y506.jpg,yes,1
y12.jpg,yes,1
y1289.jpg,yes,1
y1288.jpg,yes,1
y13.jpg,yes,1
y261.jpg,yes,1
y507.jpg,yes,1
y513.jpg,yes,1
y275.jpg,yes,1
y1277.jpg,yes,1
y1263.jpg,yes,1
y249.jpg,yes,1
y922.jpg,yes,1
y936.jpg,yes,1
y705.jpg,yes,1
y1049.jpg,yes,1
y711.jpg,yes,1
y739.jpg,yes,1
y1075.jpg,yes,1
y1061.jpg,yes,1
y856.jpg,yes,1
y842.jpg,yes,1
y671.jpg,yes,1
y117.jpg,yes,1
y1129.jpg,yes,1
y103.jpg,yes,1
y665.jpg,yes,1
y895.jpg,yes,1
y1101.jpg,yes,1
y1115.jpg,yes,1
y881.jpg,yes,1
y659.jpg,yes,1
y498.jpg,yes,1
y315.jpg,yes,1
y1459.jpg,yes,1
y473.jpg,yes,1
y467.jpg,yes,1
y301.jpg,yes,1
y1303.jpg,yes,1
y329.jpg,yes,1
y1465.jpg,yes,1
y1471.jpg,yes,1
y1317.jpg,yes,1
y305.jpg,yes,1
y1449.jpg,yes,1
y463.jpg,yes,1
y477.jpg,yes,1
y311.jpg,yes,1
y1313.jpg,yes,1
y339.jpg,yes,1
y1475.jpg,yes,1
y1461.jpg,yes,1
y1307.jpg,yes,1
y488.jpg,yes,1
y661.jpg,yes,1
y107.jpg,yes,1
y1139.jpg,yes,1
y113.jpg,yes,1
y675.jpg,yes,1
y885.jpg,yes,1
y1111.jpg,yes,1
y1105.jpg,yes,1
y649.jpg,yes,1
y891.jpg,yes,1
y846.jpg,yes,1
y852.jpg,yes,1
y715.jpg,yes,1
y1059.jpg,yes,1
y701.jpg,yes,1
y729.jpg,yes,1
y1065.jpg,yes,1
y1071.jpg,yes,1
y932.jpg,yes,1
y926.jpg,yes,1
y271.jpg,yes,1
y517.jpg,yes,1
y503.jpg,yes,1
y265.jpg,yes,1
y1267.jpg,yes,1
y1273.jpg,yes,1
y259.jpg,yes,1
y1298.jpg,yes,1
y17.jpg,yes,1
y16.jpg,yes,1
y1299.jpg,yes,1
y1272.jpg,yes,1
y258.jpg,yes,1
y1266.jpg,yes,1
y502.jpg,yes,1
y264.jpg,yes,1
y270.jpg,yes,1
y516.jpg,yes,1
y927.jpg,yes,1
y933.jpg,yes,1
y1070.jpg,yes,1
y728.jpg,yes,1
y1064.jpg,yes,1
y700.jpg,yes,1
y714.jpg,yes,1
y1058.jpg,yes,1
y853.jpg,yes,1
y847.jpg,yes,1
y1104.jpg,yes,1
y890.jpg,yes,1
y648.jpg,yes,1
y884.jpg,yes,1
y1110.jpg,yes,1
y1138.jpg,yes,1
y112.jpg,yes,1
y674.jpg,yes,1
y660.jpg,yes,1
y106.jpg,yes,1
y489.jpg,yes,1
y1460.jpg,yes,1
y1306.jpg,yes,1
y1312.jpg,yes,1
y338.jpg,yes,1
y1474.jpg,yes,1
y476.jpg,yes,1
y310.jpg,yes,1
y304.jpg,yes,1
y1448.jpg,yes,1
y462.jpg,yes,1
y1338.jpg,yes,1
y312.jpg,yes,1
y474.jpg,yes,1
y460.jpg,yes,1
y306.jpg,yes,1
y1304.jpg,yes,1
y1462.jpg,yes,1
y448.jpg,yes,1
y1476.jpg,yes,1
y1310.jpg,yes,1
y1489.jpg,yes,1
y676.jpg,yes,1
y110.jpg,yes,1
y104.jpg,yes,1
y662.jpg,yes,1
y892.jpg,yes,1
y1106.jpg,yes,1
y1112.jpg,yes,1
y138.jpg,yes,1
y886.jpg,yes,1
y879.jpg,yes,1
y851.jpg,yes,1
y689.jpg,yes,1
y845.jpg,yes,1
y702.jpg,yes,1
y716.jpg,yes,1
y1072.jpg,yes,1
y1066.jpg,yes,1
y919.jpg,yes,1
y1099.jpg,yes,1
y925.jpg,yes,1
y931.jpg,yes,1
y266.jpg,yes,1
y500.jpg,yes,1
y514.jpg,yes,1
y1258.jpg,yes,1
y272.jpg,yes,1
y1270.jpg,yes,1
y528.jpg,yes,1
y1264.jpg,yes,1
y14.jpg,yes,1
y299.jpg,yes,1
y28.jpg,yes,1
y29.jpg,yes,1
y298.jpg,yes,1
y15.jpg,yes,1
y529.jpg,yes,1
y1265.jpg,yes,1
y1271.jpg,yes,1
y515.jpg,yes,1
y1259.jpg,yes,1
y273.jpg,yes,1
y267.jpg,yes,1
y501.jpg,yes,1
y930.jpg,yes,1
y924.jpg,yes,1
y1098.jpg,yes,1
y918.jpg,yes,1
y1067.jpg,yes,1
y1073.jpg,yes,1
y717.jpg,yes,1
y703.jpg,yes,1
y844.jpg,yes,1
y688.jpg,yes,1
y850.jpg,yes,1
y878.jpg,yes,1
y1113.jpg,yes,1
y139.jpg,yes,1
y887.jpg,yes,1
y893.jpg,yes,1
y1107.jpg,yes,1
y105.jpg,yes,1
y663.jpg,yes,1
y677.jpg,yes,1
y111.jpg,yes,1
y1488.jpg,yes,1
y1477.jpg,yes,1
y1311.jpg,yes,1
y1305.jpg,yes,1
y1463.jpg,yes,1
y449.jpg,yes,1
y461.jpg,yes,1
y307.jpg,yes,1
y1339.jpg,yes,1
y313.jpg,yes,1
y475.jpg,yes,1
y1362.jpg,yes,1
y348.jpg,yes,1
y1404.jpg,yes,1
y1410.jpg,yes,1
y1376.jpg,yes,1
y374.jpg,yes,1
y1438.jpg,yes,1
y412.jpg,yes,1
y406.jpg,yes,1
y360.jpg,yes,1
y1389.jpg,yes,1
y1160.jpg,yes,1
y1174.jpg,yes,1
y638.jpg,yes,1
y610.jpg,yes,1
y176.jpg,yes,1
y1148.jpg,yes,1
y162.jpg,yes,1
y604.jpg,yes,1
y837.jpg,yes,1
y189.jpg,yes,1
y823.jpg,yes,1
y980.jpg,yes,1
y758.jpg,yes,1
y1014.jpg,yes,1
y1000.jpg,yes,1
y994.jpg,yes,1
y764.jpg,yes,1
y1028.jpg,yes,1
y770.jpg,yes,1
y943.jpg,yes,1
y957.jpg,yes,1
y99.jpg,yes,1
y1216.jpg,yes,1
y1202.jpg,yes,1
y228.jpg,yes,1
y200.jpg,yes,1
y566.jpg,yes,1
y572.jpg,yes,1
y214.jpg,yes,1
y599.jpg,yes,1
y66.jpg,yes,1
y72.jpg,yes,1
y73.jpg,yes,1
y67.jpg,yes,1
y598.jpg,yes,1
y573.jpg,yes,1
y215.jpg,yes,1
y201.jpg,yes,1
y567.jpg,yes,1
y1203.jpg,yes,1
y229.jpg,yes,1
y1217.jpg,yes,1
y98.jpg,yes,1
y956.jpg,yes,1
y942.jpg,yes,1
y771.jpg,yes,1
y765.jpg,yes,1
y1029.jpg,yes,1
y1001.jpg,yes,1
y995.jpg,yes,1
y759.jpg,yes,1
y981.jpg,yes,1
y1015.jpg,yes,1
y822.jpg,yes,1
y836.jpg,yes,1
y188.jpg,yes,1
y1149.jpg,yes,1
y163.jpg,yes,1
y605.jpg,yes,1
y611.jpg,yes,1
y177.jpg,yes,1
y1175.jpg,yes,1
y639.jpg,yes,1
y1161.jpg,yes,1
y1388.jpg,yes,1
y407.jpg,yes,1
y361.jpg,yes,1
y375.jpg,yes,1
y1439.jpg,yes,1
y413.jpg,yes,1
y1411.jpg,yes,1
y1377.jpg,yes,1
y1363.jpg,yes,1
y349.jpg,yes,1
y1405.jpg,yes,1
y1375.jpg,yes,1
y1413.jpg,yes,1
y439.jpg,yes,1
y1407.jpg,yes,1
y1361.jpg,yes,1
y1349.jpg,yes,1
y363.jpg,yes,1
y405.jpg,yes,1
y411.jpg,yes,1
y377.jpg,yes,1
y388.jpg,yes,1
y1177.jpg,yes,1
y1163.jpg,yes,1
y149.jpg,yes,1
y607.jpg,yes,1
y161.jpg,yes,1
y175.jpg,yes,1
y613.jpg,yes,1
y820.jpg,yes,1
y834.jpg,yes,1
y1188.jpg,yes,1
y808.jpg,yes,1
y997.jpg,yes,1
y1003.jpg,yes,1
y1017.jpg,yes,1
y983.jpg,yes,1
y773.jpg,yes,1
y767.jpg,yes,1
y954.jpg,yes,1
y798.jpg,yes,1
y940.jpg,yes,1
y968.jpg,yes,1
y1201.jpg,yes,1
y559.jpg,yes,1
y1215.jpg,yes,1
y217.jpg,yes,1
y571.jpg,yes,1
y565.jpg,yes,1
y1229.jpg,yes,1
y203.jpg,yes,1
y59.jpg,yes,1
y71.jpg,yes,1
y65.jpg,yes,1
y64.jpg,yes,1
y70.jpg,yes,1
y58.jpg,yes,1
y564.jpg,yes,1
y1228.jpg,yes,1
y202.jpg,yes,1
y216.jpg,yes,1
y570.jpg,yes,1
y558.jpg,yes,1
y1214.jpg,yes,1
y1200.jpg,yes,1
y969.jpg,yes,1
y941.jpg,yes,1
y799.jpg,yes,1
y955.jpg,yes,1
y766.jpg,yes,1
y772.jpg,yes,1
y1016.jpg,yes,1
y982.jpg,yes,1
y996.jpg,yes,1
y1002.jpg,yes,1
y809.jpg,yes,1
y1189.jpg,yes,1
y835.jpg,yes,1
y821.jpg,yes,1
y174.jpg,yes,1
y612.jpg,yes,1
y606.jpg,yes,1
y160.jpg,yes,1
y1162.jpg,yes,1
y148.jpg,yes,1
y1176.jpg,yes,1
y389.jpg,yes,1
y410.jpg,yes,1
y376.jpg,yes,1
y1348.jpg,yes,1
y362.jpg,yes,1
y404.jpg,yes,1
y1406.jpg,yes,1
y1360.jpg,yes,1
y1374.jpg,yes,1
y1412.jpg,yes,1
y438.jpg,yes,1
y400.jpg,yes,1
y366.jpg,yes,1
y1358.jpg,yes,1
y372.jpg,yes,1
y414.jpg,yes,1
y1416.jpg,yes,1
y1370.jpg,yes,1
y1364.jpg,yes,1
y1402.jpg,yes,1
y428.jpg,yes,1
y399.jpg,yes,1
y164.jpg,yes,1
y602.jpg,yes,1
y616.jpg,yes,1
y170.jpg,yes,1
y1172.jpg,yes,1
y158.jpg,yes,1
y9.jpg,yes,1
y1166.jpg,yes,1
y819.jpg,yes,1
y1199.jpg,yes,1
y825.jpg,yes,1
y831.jpg,yes,1
y776.jpg,yes,1
y762.jpg,yes,1
y1006.jpg,yes,1
y992.jpg,yes,1
y986.jpg,yes,1
y1012.jpg,yes,1
y979.jpg,yes,1
y789.jpg,yes,1
y951.jpg,yes,1
y945.jpg,yes,1
y574.jpg,yes,1
y1238.jpg,yes,1
y212.jpg,yes,1
y206.jpg,yes,1
y560.jpg,yes,1
y548.jpg,yes,1
y1204.jpg,yes,1
y1210.jpg,yes,1
y74.jpg,yes,1
y60.jpg,yes,1
y48.jpg,yes,1
y49.jpg,yes,1
y61.jpg,yes,1
y75.jpg,yes,1
y1211.jpg,yes,1
y549.jpg,yes,1
y1205.jpg,yes,1
y207.jpg,yes,1
y561.jpg,yes,1
y575.jpg,yes,1
y1239.jpg,yes,1
y213.jpg,yes,1
y944.jpg,yes,1
y950.jpg,yes,1
y788.jpg,yes,1
y978.jpg,yes,1
y987.jpg,yes,1
y1013.jpg,yes,1
y1007.jpg,yes,1
y993.jpg,yes,1
y763.jpg,yes,1
y777.jpg,yes,1
y830.jpg,yes,1
y824.jpg,yes,1
y1198.jpg,yes,1
y818.jpg,yes,1
y8.jpg,yes,1
y1167.jpg,yes,1
y1173.jpg,yes,1
y159.jpg,yes,1
y617.jpg,yes,1
y171.jpg,yes,1
y165.jpg,yes,1
y603.jpg,yes,1
y398.jpg,yes,1
y1365.jpg,yes,1
y1403.jpg,yes,1
y429.jpg,yes,1
y1417.jpg,yes,1
y1371.jpg,yes,1
y1359.jpg,yes,1
y373.jpg,yes,1
y415.jpg,yes,1
y401.jpg,yes,1
y367.jpg,yes,1
y417.jpg,yes,1
y371.jpg,yes,1
y365.jpg,yes,1
y1429.jpg,yes,1
y403.jpg,yes,1
y1401.jpg,yes,1
y1367.jpg,yes,1
y1373.jpg,yes,1
y359.jpg,yes,1
y1415.jpg,yes,1
y1398.jpg,yes,1
y1159.jpg,yes,1
y173.jpg,yes,1
y615.jpg,yes,1
y601.jpg,yes,1
y167.jpg,yes,1
y1165.jpg,yes,1
y629.jpg,yes,1
y1171.jpg,yes,1
y832.jpg,yes,1
y826.jpg,yes,1
y198.jpg,yes,1
y761.jpg,yes,1
y775.jpg,yes,1
y1039.jpg,yes,1
y1011.jpg,yes,1
y985.jpg,yes,1
y991.jpg,yes,1
y749.jpg,yes,1
y1005.jpg,yes,1
y946.jpg,yes,1
y952.jpg,yes,1
y563.jpg,yes,1
y205.jpg,yes,1
y211.jpg,yes,1
y577.jpg,yes,1
y1213.jpg,yes,1
y239.jpg,yes,1
y88.jpg,yes,1
y1207.jpg,yes,1
y63.jpg,yes,1
y77.jpg,yes,1
y588.jpg,yes,1
y589.jpg,yes,1
y76.jpg,yes,1
y62.jpg,yes,1
y1206.jpg,yes,1
y89.jpg,yes,1
y1212.jpg,yes,1
y238.jpg,yes,1
y210.jpg,yes,1
y576.jpg,yes,1
y562.jpg,yes,1
y204.jpg,yes,1
y953.jpg,yes,1
y947.jpg,yes,1
y748.jpg,yes,1
y990.jpg,yes,1
y1004.jpg,yes,1
y1010.jpg,yes,1
y984.jpg,yes,1
y774.jpg,yes,1
y1038.jpg,yes,1
y760.jpg,yes,1
y827.jpg,yes,1
y199.jpg,yes,1
y833.jpg,yes,1
y1170.jpg,yes,1
y1164.jpg,yes,1
y628.jpg,yes,1
y600.jpg,yes,1
y166.jpg,yes,1
y1158.jpg,yes,1
y172.jpg,yes,1
y614.jpg,yes,1
y1399.jpg,yes,1
y1372.jpg,yes,1
y358.jpg,yes,1
y1414.jpg,yes,1
y1400.jpg,yes,1
y1366.jpg,yes,1
y364.jpg,yes,1
y1428.jpg,yes,1
y402.jpg,yes,1
y416.jpg,yes,1
y370.jpg,yes,1
no1157.jpg,no,0
no132.jpg,no,0
no654.jpg,no,0
no640.jpg,no,0
no898.jpg,no,0
no126.jpg,no,0
no1143.jpg,no,0
no668.jpg,no,0
no1194.jpg,no,0
no697.jpg,no,0
no683.jpg,no,0
no1180.jpg,no,0
no873.jpg,no,0
no867.jpg,no,0
no1433.jpg,no,0
no456.jpg,no,0
no330.jpg,no,0
no1355.jpg,no,0
no1341.jpg,no,0
no324.jpg,no,0
no442.jpg,no,0
no1427.jpg,no,0
no1369.jpg,no,0
no318.jpg,no,0
no495.jpg,no,0
no1396.jpg,no,0
no1382.jpg,no,0
no481.jpg,no,0
no522.jpg,no,0
no244.jpg,no,0
no1221.jpg,no,0
no1235.jpg,no,0
no250.jpg,no,0
no536.jpg,no,0
no67.jpg,no,0
no278.jpg,no,0
no1209.jpg,no,0
no73.jpg,no,0
no98.jpg,no,0
no287.jpg,no,0
no293.jpg,no,0
no1023.jpg,no,0
no720.jpg,no,0
no734.jpg,no,0
no1037.jpg,no,0
no708.jpg,no,0
no907.jpg,no,0
no913.jpg,no,0
no912.jpg,no,0
no906.jpg,no,0
no709.jpg,no,0
no735.jpg,no,0
no1036.jpg,no,0
no1022.jpg,no,0
no721.jpg,no,0
no292.jpg,no,0
no99.jpg,no,0
no286.jpg,no,0
no1208.jpg,no,0
no72.jpg,no,0
no66.jpg,no,0
no279.jpg,no,0
no251.jpg,no,0
no1234.jpg,no,0
no537.jpg,no,0
no523.jpg,no,0
no1220.jpg,no,0
no245.jpg,no,0
no1383.jpg,no,0
no480.jpg,no,0
no494.jpg,no,0
no1397.jpg,no,0
no319.jpg,no,0
no1368.jpg,no,0
no325.jpg,no,0
no1340.jpg,no,0
no1426.jpg,no,0
no443.jpg,no,0
no457.jpg,no,0
no1432.jpg,no,0
no1354.jpg,no,0
no331.jpg,no,0
no866.jpg,no,0
no872.jpg,no,0
no682.jpg,no,0
no1181.jpg,no,0
no1195.jpg,no,0
no696.jpg,no,0
no669.jpg,no,0
no899.jpg,no,0
no641.jpg,no,0
no1142.jpg,no,0
no127.jpg,no,0
no133.jpg,no,0
no1156.jpg,no,0
no655.jpg,no,0
no125.jpg,no,0
no1140.jpg,no,0
no643.jpg,no,0
no657.jpg,no,0
no1154.jpg,no,0
no131.jpg,no,0
no119.jpg,no,0
no1168.jpg,no,0
no1183.jpg,no,0
no858.jpg,no,0
no680.jpg,no,0
no694.jpg,no,0
no1197.jpg,no,0
no864.jpg,no,0
no870.jpg,no,0
no441.jpg,no,0
no1424.jpg,no,0
no1342.jpg,no,0
no327.jpg,no,0
no333.jpg,no,0
no1356.jpg,no,0
no1430.jpg,no,0
no455.jpg,no,0
no1418.jpg,no,0
no469.jpg,no,0
no482.jpg,no,0
no1381.jpg,no,0
no1395.jpg,no,0
no496.jpg,no,0
no535.jpg,no,0
no1236.jpg,no,0
no253.jpg,no,0
no247.jpg,no,0
no1222.jpg,no,0
no521.jpg,no,0
no58.jpg,no,0
no509.jpg,no,0
no70.jpg,no,0
no64.jpg,no,0
no290.jpg,no,0
no284.jpg,no,0
no1034.jpg,no,0
no737.jpg,no,0
no723.jpg,no,0
no1020.jpg,no,0
no1008.jpg,no,0
no9.jpg,no,0
no938.jpg,no,0
no910.jpg,no,0
no904.jpg,no,0
no905.jpg,no,0
no911.jpg,no,0
no939.jpg,no,0
no1009.jpg,no,0
no8.jpg,no,0
no722.jpg,no,0
no1021.jpg,no,0
no1035.jpg,no,0
no736.jpg,no,0
no285.jpg,no,0
no291.jpg,no,0
no65.jpg,no,0
no71.jpg,no,0
no508.jpg,no,0
no1223.jpg,no,0
no246.jpg,no,0
no59.jpg,no,0
no520.jpg,no,0
no534.jpg,no,0
no252.jpg,no,0
no1237.jpg,no,0
no1394.jpg,no,0
no497.jpg,no,0
no483.jpg,no,0
no1380.jpg,no,0
no468.jpg,no,0
no1419.jpg,no,0
no1357.jpg,no,0
no332.jpg,no,0
no454.jpg,no,0
no1431.jpg,no,0
no1425.jpg,no,0
no440.jpg,no,0
no326.jpg,no,0
no1343.jpg,no,0
no871.jpg,no,0
no865.jpg,no,0
no695.jpg,no,0
no1196.jpg,no,0
no1182.jpg,no,0
no681.jpg,no,0
no859.jpg,no,0
no1169.jpg,no,0
no118.jpg,no,0
no656.jpg,no,0
no130.jpg,no,0
no1155.jpg,no,0
no1141.jpg,no,0
no124.jpg,no,0
no642.jpg,no,0
no1179.jpg,no,0
no108.jpg,no,0
no646.jpg,no,0
no120.jpg,no,0
no1145.jpg,no,0
no1151.jpg,no,0
no134.jpg,no,0
no652.jpg,no,0
no861.jpg,no,0
no875.jpg,no,0
no685.jpg,no,0
no1186.jpg,no,0
no1192.jpg,no,0
no849.jpg,no,0
no691.jpg,no,0
no478.jpg,no,0
no1409.jpg,no,0
no1347.jpg,no,0
no322.jpg,no,0
no444.jpg,no,0
no1421.jpg,no,0
no1435.jpg,no,0
no450.jpg,no,0
no336.jpg,no,0
no1353.jpg,no,0
no1384.jpg,no,0
no487.jpg,no,0
no493.jpg,no,0
no1390.jpg,no,0
no75.jpg,no,0
no518.jpg,no,0
no61.jpg,no,0
no1233.jpg,no,0
no256.jpg,no,0
no530.jpg,no,0
no49.jpg,no,0
no524.jpg,no,0
no242.jpg,no,0
no1227.jpg,no,0
no295.jpg,no,0
no281.jpg,no,0
no1019.jpg,no,0
no732.jpg,no,0
no1031.jpg,no,0
no1025.jpg,no,0
no726.jpg,no,0
no915.jpg,no,0
no901.jpg,no,0
no929.jpg,no,0
no928.jpg,no,0
no900.jpg,no,0
no914.jpg,no,0
no1024.jpg,no,0
no727.jpg,no,0
no733.jpg,no,0
no1030.jpg,no,0
no1018.jpg,no,0
no280.jpg,no,0
no294.jpg,no,0
no525.jpg,no,0
no1226.jpg,no,0
no243.jpg,no,0
no257.jpg,no,0
no1232.jpg,no,0
no48.jpg,no,0
no531.jpg,no,0
no60.jpg,no,0
no519.jpg,no,0
no74.jpg,no,0
no492.jpg,no,0
no1391.jpg,no,0
no1385.jpg,no,0
no486.jpg,no,0
no451.jpg,no,0
no1434.jpg,no,0
no1352.jpg,no,0
no337.jpg,no,0
no323.jpg,no,0
no1346.jpg,no,0
no1420.jpg,no,0
no445.jpg,no,0
no1408.jpg,no,0
no479.jpg,no,0
no1193.jpg,no,0
no690.jpg,no,0
no848.jpg,no,0
no684.jpg,no,0
no1187.jpg,no,0
no874.jpg,no,0
no860.jpg,no,0
no135.jpg,no,0
no1150.jpg,no,0
no653.jpg,no,0
no647.jpg,no,0
no1144.jpg,no,0
no121.jpg,no,0
no109.jpg,no,0
no1178.jpg,no,0
no679.jpg,no,0
no651.jpg,no,0
no889.jpg,no,0
no1152.jpg,no,0
no137.jpg,no,0
no123.jpg,no,0
no1146.jpg,no,0
no645.jpg,no,0
no876.jpg,no,0
no862.jpg,no,0
no692.jpg,no,0
no1191.jpg,no,0
no1185.jpg,no,0
no686.jpg,no,0
no309.jpg,no,0
no1378.jpg,no,0
no335.jpg,no,0
no1350.jpg,no,0
no1436.jpg,no,0
no453.jpg,no,0
no447.jpg,no,0
no1422.jpg,no,0
no1344.jpg,no,0
no321.jpg,no,0
no1393.jpg,no,0
no490.jpg,no,0
no484.jpg,no,0
no1387.jpg,no,0
no1218.jpg,no,0
no62.jpg,no,0
no76.jpg,no,0
no269.jpg,no,0
no241.jpg,no,0
no1224.jpg,no,0
no527.jpg,no,0
no533.jpg,no,0
no1230.jpg,no,0
no255.jpg,no,0
no282.jpg,no,0
no89.jpg,no,0
no296.jpg,no,0
no719.jpg,no,0
no725.jpg,no,0
no1026.jpg,no,0
no1032.jpg,no,0
no731.jpg,no,0
no902.jpg,no,0
no916.jpg,no,0
no917.jpg,no,0
no903.jpg,no,0
no1033.jpg,no,0
no730.jpg,no,0
no724.jpg,no,0
no1027.jpg,no,0
no718.jpg,no,0
no88.jpg,no,0
no297.jpg,no,0
no283.jpg,no,0
no532.jpg,no,0
no254.jpg,no,0
no1231.jpg,no,0
no1225.jpg,no,0
no240.jpg,no,0
no526.jpg,no,0
no77.jpg,no,0
no268.jpg,no,0
no1219.jpg,no,0
no63.jpg,no,0
no485.jpg,no,0
no1386.jpg,no,0
no1392.jpg,no,0
no491.jpg,no,0
no1423.jpg,no,0
no446.jpg,no,0
no320.jpg,no,0
no1345.jpg,no,0
no1351.jpg,no,0
no334.jpg,no,0
no452.jpg,no,0
no1437.jpg,no,0
no1379.jpg,no,0
no308.jpg,no,0
no1184.jpg,no,0
no687.jpg,no,0
no693.jpg,no,0
no1190.jpg,no,0
no863.jpg,no,0
no877.jpg,no,0
no1147.jpg,no,0
no122.jpg,no,0
no644.jpg,no,0
no888.jpg,no,0
no650.jpg,no,0
no136.jpg,no,0
no1153.jpg,no,0
no678.jpg,no,0
no637.jpg,no,0
no151.jpg,no,0
no1134.jpg,no,0
no1120.jpg,no,0
no145.jpg,no,0
no623.jpg,no,0
no1108.jpg,no,0
no179.jpg,no,0
no192.jpg,no,0
no186.jpg,no,0
no838.jpg,no,0
no810.jpg,no,0
no804.jpg,no,0
no1336.jpg,no,0
no353.jpg,no,0
no435.jpg,no,0
no1450.jpg,no,0
no1444.jpg,no,0
no421.jpg,no,0
no347.jpg,no,0
no1322.jpg,no,0
no409.jpg,no,0
no1478.jpg,no,0
no390.jpg,no,0
no1493.jpg,no,0
no1487.jpg,no,0
no384.jpg,no,0
no1242.jpg,no,0
no227.jpg,no,0
no541.jpg,no,0
no38.jpg,no,0
no555.jpg,no,0
no233.jpg,no,0
no1256.jpg,no,0
no569.jpg,no,0
no10.jpg,no,0
no1281.jpg,no,0
no582.jpg,no,0
no596.jpg,no,0
no1295.jpg,no,0
no743.jpg,no,0
no1040.jpg,no,0
no1054.jpg,no,0
no757.jpg,no,0
no1068.jpg,no,0
no780.jpg,no,0
no958.jpg,no,0
no1083.jpg,no,0
no1097.jpg,no,0
no794.jpg,no,0
no964.jpg,no,0
no970.jpg,no,0
no971.jpg,no,0
no965.jpg,no,0
no1096.jpg,no,0
no795.jpg,no,0
no959.jpg,no,0
no781.jpg,no,0
no1082.jpg,no,0
no1069.jpg,no,0
no1055.jpg,no,0
no756.jpg,no,0
no742.jpg,no,0
no1041.jpg,no,0
no597.jpg,no,0
no1294.jpg,no,0
no1280.jpg,no,0
no583.jpg,no,0
no11.jpg,no,0
no568.jpg,no,0
no554.jpg,no,0
no1257.jpg,no,0
no232.jpg,no,0
no226.jpg,no,0
no1243.jpg,no,0
no39.jpg,no,0
no540.jpg,no,0
no1486.jpg,no,0
no385.jpg,no,0
no391.jpg,no,0
no1492.jpg,no,0
no1479.jpg,no,0
no408.jpg,no,0
no420.jpg,no,0
no1445.jpg,no,0
no1323.jpg,no,0
no346.jpg,no,0
no352.jpg,no,0
no1337.jpg,no,0
no1451.jpg,no,0
no434.jpg,no,0
no805.jpg,no,0
no811.jpg,no,0
no187.jpg,no,0
no839.jpg,no,0
no193.jpg,no,0
no178.jpg,no,0
no1109.jpg,no,0
no144.jpg,no,0
no1121.jpg,no,0
no622.jpg,no,0
no636.jpg,no,0
no1135.jpg,no,0
no150.jpg,no,0
no620.jpg,no,0
no1123.jpg,no,0
no146.jpg,no,0
no152.jpg,no,0
no1137.jpg,no,0
no634.jpg,no,0
no608.jpg,no,0
no185.jpg,no,0
no191.jpg,no,0
no807.jpg,no,0
no813.jpg,no,0
no344.jpg,no,0
no1321.jpg,no,0
no1447.jpg,no,0
no422.jpg,no,0
no436.jpg,no,0
no1453.jpg,no,0
no1335.jpg,no,0
no350.jpg,no,0
no378.jpg,no,0
no1309.jpg,no,0
no387.jpg,no,0
no1484.jpg,no,0
no1490.jpg,no,0
no393.jpg,no,0
no230.jpg,no,0
no1255.jpg,no,0
no556.jpg,no,0
no542.jpg,no,0
no1241.jpg,no,0
no224.jpg,no,0
no1269.jpg,no,0
No13.jpg,no,0
no218.jpg,no,0
no1296.jpg,no,0
no595.jpg,no,0
no581.jpg,no,0
no1282.jpg,no,0
no754.jpg,no,0
no1057.jpg,no,0
no1043.jpg,no,0
no998.jpg,no,0
no740.jpg,no,0
no768.jpg,no,0
no797.jpg,no,0
no1094.jpg,no,0
no1080.jpg,no,0
no783.jpg,no,0
no973.jpg,no,0
no967.jpg,no,0
no966.jpg,no,0
no972.jpg,no,0
no1081.jpg,no,0
no782.jpg,no,0
no796.jpg,no,0
no1095.jpg,no,0
no769.jpg,no,0
no1042.jpg,no,0
no741.jpg,no,0
no999.jpg,no,0
no755.jpg,no,0
no1056.jpg,no,0
no580.jpg,no,0
no1283.jpg,no,0
no1297.jpg,no,0
no594.jpg,no,0
no219.jpg,no,0
no1268.jpg,no,0
No12.jpg,no,0
no543.jpg,no,0
no225.jpg,no,0
no1240.jpg,no,0
no1254.jpg,no,0
no231.jpg,no,0
no557.jpg,no,0
no1491.jpg,no,0
no392.jpg,no,0
no386.jpg,no,0
no1485.jpg,no,0
no1308.jpg,no,0
no379.jpg,no,0
no1452.jpg,no,0
no437.jpg,no,0
no351.jpg,no,0
no1334.jpg,no,0
no1320.jpg,no,0
no345.jpg,no,0
no423.jpg,no,0
no1446.jpg,no,0
no812.jpg,no,0
no806.jpg,no,0
no190.jpg,no,0
no184.jpg,no,0
no609.jpg,no,0
no1136.jpg,no,0
no153.jpg,no,0
no635.jpg,no,0
no621.jpg,no,0
no147.jpg,no,0
no1122.jpg,no,0
no619.jpg,no,0
no1126.jpg,no,0
no143.jpg,no,0
no625.jpg,no,0
no631.jpg,no,0
no157.jpg,no,0
no1132.jpg,no,0
no802.jpg,no,0
no816.jpg,no,0
no180.jpg,no,0
no194.jpg,no,0
no1318.jpg,no,0
no369.jpg,no,0
no1442.jpg,no,0
no427.jpg,no,0
no341.jpg,no,0
no1324.jpg,no,0
no1330.jpg,no,0
no355.jpg,no,0
no433.jpg,no,0
no1456.jpg,no,0
no1481.jpg,no,0
no382.jpg,no,0
no396.jpg,no,0
no1495.jpg,no,0
no16.jpg,no,0
no209.jpg,no,0
no1278.jpg,no,0
no553.jpg,no,0
no235.jpg,no,0
no1250.jpg,no,0
no1244.jpg,no,0
no221.jpg,no,0
no547.jpg,no,0
no590.jpg,no,0
no1293.jpg,no,0
no1287.jpg,no,0
no584.jpg,no,0
no779.jpg,no,0
no1052.jpg,no,0
no989.jpg,no,0
no751.jpg,no,0
no745.jpg,no,0
no1046.jpg,no,0
no976.jpg,no,0
no962.jpg,no,0
no1091.jpg,no,0
no792.jpg,no,0
no786.jpg,no,0
no1085.jpg,no,0
no787.jpg,no,0
no1084.jpg,no,0
no1090.jpg,no,0
no793.jpg,no,0
no963.jpg,no,0
no977.jpg,no,0
no744.jpg,no,0
no1047.jpg,no,0
no1053.jpg,no,0
no750.jpg,no,0
no988.jpg,no,0
no778.jpg,no,0
no1286.jpg,no,0
no585.jpg,no,0
no591.jpg,no,0
no1292.jpg,no,0
no220.jpg,no,0
no1245.jpg,no,0
no546.jpg,no,0
no552.jpg,no,0
no1251.jpg,no,0
no234.jpg,no,0
no1279.jpg,no,0
No17.jpg,no,0
no208.jpg,no,0
no397.jpg,no,0
no1494.jpg,no,0
no1480.jpg,no,0
no383.jpg,no,0
no354.jpg,no,0
no1331.jpg,no,0
no1457.jpg,no,0
no432.jpg,no,0
no426.jpg,no,0
no1443.jpg,no,0
no1325.jpg,no,0
no340.jpg,no,0
no368.jpg,no,0
no1319.jpg,no,0
no195.jpg,no,0
no181.jpg,no,0
no817.jpg,no,0
no803.jpg,no,0
no630.jpg,no,0
no1133.jpg,no,0
no156.jpg,no,0
no142.jpg,no,0
no1127.jpg,no,0
no624.jpg,no,0
no618.jpg,no,0
no168.jpg,no,0
no1119.jpg,no,0
no154.jpg,no,0
no1131.jpg,no,0
no632.jpg,no,0
no626.jpg,no,0
no1125.jpg,no,0
no140.jpg,no,0
no815.jpg,no,0
no801.jpg,no,0
no197.jpg,no,0
no829.jpg,no,0
no183.jpg,no,0
no1469.jpg,no,0
no418.jpg,no,0
no430.jpg,no,0
no1455.jpg,no,0
no1333.jpg,no,0
no356.jpg,no,0
no342.jpg,no,0
no1327.jpg,no,0
no1441.jpg,no,0
no424.jpg,no,0
no1496.jpg,no,0
no395.jpg,no,0
no381.jpg,no,0
no1482.jpg,no,0
no578.jpg,no,0
No15.jpg,no,0
no544.jpg,no,0
no1247.jpg,no,0
no222.jpg,no,0
no236.jpg,no,0
no1253.jpg,no,0
no550.jpg,no,0
no29.jpg,no,0
no587.jpg,no,0
no1284.jpg,no,0
no1290.jpg,no,0
no593.jpg,no,0
no1079.jpg,no,0
no1045.jpg,no,0
no746.jpg,no,0
no752.jpg,no,0
no1051.jpg,no,0
no961.jpg,no,0
no975.jpg,no,0
no1086.jpg,no,0
no785.jpg,no,0
no791.jpg,no,0
no949.jpg,no,0
no1092.jpg,no,0
no948.jpg,no,0
no790.jpg,no,0
no1093.jpg,no,0
no1087.jpg,no,0
no784.jpg,no,0
no974.jpg,no,0
no960.jpg,no,0
no753.jpg,no,0
no1050.jpg,no,0
no1044.jpg,no,0
no747.jpg,no,0
no1078.jpg,no,0
no1291.jpg,no,0
no592.jpg,no,0
no586.jpg,no,0
no1285.jpg,no,0
no1252.jpg,no,0
no237.jpg,no,0
no28.jpg,no,0
no551.jpg,no,0
no545.jpg,no,0
no223.jpg,no,0
no1246.jpg,no,0
No14.jpg,no,0
no579.jpg,no,0
no380.jpg,no,0
no1483.jpg,no,0
no1497.jpg,no,0
no394.jpg,no,0
no1326.jpg,no,0
no343.jpg,no,0
no425.jpg,no,0
no1440.jpg,no,0
no1454.jpg,no,0
no431.jpg,no,0
no357.jpg,no,0
no1332.jpg,no,0
no419.jpg,no,0
no1468.jpg,no,0
no182.jpg,no,0
no196.jpg,no,0
no828.jpg,no,0
no800.jpg,no,0
no814.jpg,no,0
no627.jpg,no,0
no141.jpg,no,0
no1124.jpg,no,0
no1130.jpg,no,0
no155.jpg,no,0
no633.jpg,no,0
no1118.jpg,no,0
no169.jpg,no,0
no616.jpg,no,0
no1115.jpg,no,0
no170.jpg,no,0
no164.jpg,no,0
no1101.jpg,no,0
no602.jpg,no,0
no1129.jpg,no,0
no158.jpg,no,0
no819.jpg,no,0
no831.jpg,no,0
no825.jpg,no,0
no372.jpg,no,0
no1317.jpg,no,0
no1471.jpg,no,0
no414.jpg,no,0
no400.jpg,no,0
no1465.jpg,no,0
no1303.jpg,no,0
no366.jpg,no,0
no428.jpg,no,0
no1459.jpg,no,0
no399.jpg,no,0
no206.jpg,no,0
no1263.jpg,no,0
no560.jpg,no,0
No19.jpg,no,0
no574.jpg,no,0
no1277.jpg,no,0
no212.jpg,no,0
no25.jpg,no,0
no548.jpg,no,0
no31.jpg,no,0
no1288.jpg,no,0
no762.jpg,no,0
no1061.jpg,no,0
no1075.jpg,no,0
no776.jpg,no,0
no986.jpg,no,0
no1049.jpg,no,0
no992.jpg,no,0
no979.jpg,no,0
no945.jpg,no,0
no789.jpg,no,0
no951.jpg,no,0
no950.jpg,no,0
no788.jpg,no,0
no944.jpg,no,0
no978.jpg,no,0
no1048.jpg,no,0
no993.jpg,no,0
no987.jpg,no,0
no1074.jpg,no,0
no777.jpg,no,0
no763.jpg,no,0
no1060.jpg,no,0
no1289.jpg,no,0
no30.jpg,no,0
no549.jpg,no,0
no24.jpg,no,0
no575.jpg,no,0
no213.jpg,no,0
no1276.jpg,no,0
no1262.jpg,no,0
no207.jpg,no,0
No18.jpg,no,0
no561.jpg,no,0
no398.jpg,no,0
no1458.jpg,no,0
no429.jpg,no,0
no1464.jpg,no,0
no401.jpg,no,0
no367.jpg,no,0
no1302.jpg,no,0
no1316.jpg,no,0
no373.jpg,no,0
no415.jpg,no,0
no1470.jpg,no,0
no824.jpg,no,0
no830.jpg,no,0
no818.jpg,no,0
no159.jpg,no,0
no1128.jpg,no,0
no1100.jpg,no,0
no165.jpg,no,0
no603.jpg,no,0
no617.jpg,no,0
no171.jpg,no,0
no1114.jpg,no,0
no601.jpg,no,0
no167.jpg,no,0
no1102.jpg,no,0
no1116.jpg,no,0
no173.jpg,no,0
no615.jpg,no,0
no629.jpg,no,0
no826.jpg,no,0
no198.jpg,no,0
no832.jpg,no,0
no1300.jpg,no,0
no365.jpg,no,0
no403.jpg,no,0
no1466.jpg,no,0
no1472.jpg,no,0
no417.jpg,no,0
no371.jpg,no,0
no1314.jpg,no,0
no359.jpg,no,0
no1328.jpg,no,0
no1499.jpg,no,0
no1274.jpg,no,0
no211.jpg,no,0
no577.jpg,no,0
no563.jpg,no,0
no205.jpg,no,0
no1260.jpg,no,0
no1248.jpg,no,0
no32.jpg,no,0
no26.jpg,no,0
no239.jpg,no,0
no588.jpg,no,0
no775.jpg,no,0
no1076.jpg,no,0
no1062.jpg,no,0
no761.jpg,no,0
no991.jpg,no,0
no749.jpg,no,0
no985.jpg,no,0
no952.jpg,no,0
no1089.jpg,no,0
no946.jpg,no,0
no947.jpg,no,0
no953.jpg,no,0
no1088.jpg,no,0
no984.jpg,no,0
no748.jpg,no,0
no990.jpg,no,0
no1063.jpg,no,0
no760.jpg,no,0
no774.jpg,no,0
no1077.jpg,no,0
no589.jpg,no,0
no27.jpg,no,0
no238.jpg,no,0
no1249.jpg,no,0
no33.jpg,no,0
no562.jpg,no,0
no1261.jpg,no,0
no204.jpg,no,0
no210.jpg,no,0
no1275.jpg,no,0
no576.jpg,no,0
no1498.jpg,no,0
no1329.jpg,no,0
no358.jpg,no,0
no416.jpg,no,0
no1473.jpg,no,0
no1315.jpg,no,0
no370.jpg,no,0
no364.jpg,no,0
no1301.jpg,no,0
no1467.jpg,no,0
no402.jpg,no,0
no833.jpg,no,0
no827.jpg,no,0
no199.jpg,no,0
no628.jpg,no,0
no172.jpg,no,0
no1117.jpg,no,0
no614.jpg,no,0
no600.jpg,no,0
no1103.jpg,no,0
no166.jpg,no,0
no638.jpg,no,0
no162.jpg,no,0
no1107.jpg,no,0
no604.jpg,no,0
no610.jpg,no,0
no1113.jpg,no,0
no176.jpg,no,0
no823.jpg,no,0
no837.jpg,no,0
no189.jpg,no,0
no1339.jpg,no,0
no348.jpg,no,0
no406.jpg,no,0
no1463.jpg,no,0
no1305.jpg,no,0
no360.jpg,no,0
no374.jpg,no,0
no1311.jpg,no,0
no1477.jpg,no,0
no412.jpg,no,0
no1488.jpg,no,0
no37.jpg,no,0
no228.jpg,no,0
no1259.jpg,no,0
no23.jpg,no,0
no572.jpg,no,0
no1271.jpg,no,0
no214.jpg,no,0
no200.jpg,no,0
no1265.jpg,no,0
no566.jpg,no,0
no599.jpg,no,0
no994.jpg,no,0
no980.jpg,no,0
no758.jpg,no,0
no1073.jpg,no,0
no770.jpg,no,0
no764.jpg,no,0
no1067.jpg,no,0
no957.jpg,no,0
no943.jpg,no,0
no1098.jpg,no,0
no942.jpg,no,0
no1099.jpg,no,0
no956.jpg,no,0
no765.jpg,no,0
no1066.jpg,no,0
no1072.jpg,no,0
no771.jpg,no,0
no759.jpg,no,0
no981.jpg,no,0
no995.jpg,no,0
no598.jpg,no,0
no1264.jpg,no,0
no201.jpg,no,0
no567.jpg,no,0
no573.jpg,no,0
no215.jpg,no,0
no1270.jpg,no,0
no1258.jpg,no,0
no22.jpg,no,0
no36.jpg,no,0
no229.jpg,no,0
no1489.jpg,no,0
no1310.jpg,no,0
no375.jpg,no,0
no413.jpg,no,0
no1476.jpg,no,0
no1462.jpg,no,0
no407.jpg,no,0
no361.jpg,no,0
no1304.jpg,no,0
no349.jpg,no,0
no1338.jpg,no,0
no836.jpg,no,0
no188.jpg,no,0
no822.jpg,no,0
no611.jpg,no,0
no177.jpg,no,0
no1112.jpg,no,0
no1106.jpg,no,0
no163.jpg,no,0
no605.jpg,no,0
no639.jpg,no,0
no149.jpg,no,0
no1138.jpg,no,0
no1110.jpg,no,0
no175.jpg,no,0
no613.jpg,no,0
no607.jpg,no,0
no161.jpg,no,0
no1104.jpg,no,0
no834.jpg,no,0
no820.jpg,no,0
no808.jpg,no,0
no1448.jpg,no,0
no439.jpg,no,0
no1474.jpg,no,0
no411.jpg,no,0
no377.jpg,no,0
no1312.jpg,no,0
no1306.jpg,no,0
no363.jpg,no,0
no405.jpg,no,0
no1460.jpg,no,0
no388.jpg,no,0
no559.jpg,no,0
no20.jpg,no,0
no34.jpg,no,0
no565.jpg,no,0
no203.jpg,no,0
no1266.jpg,no,0
no1272.jpg,no,0
no217.jpg,no,0
no571.jpg,no,0
no1299.jpg,no,0
no1058.jpg,no,0
no983.jpg,no,0
no997.jpg,no,0
no1064.jpg,no,0
no767.jpg,no,0
no773.jpg,no,0
no1070.jpg,no,0
no798.jpg,no,0
no940.jpg,no,0
no954.jpg,no,0
no968.jpg,no,0
no969.jpg,no,0
no955.jpg,no,0
no941.jpg,no,0
no799.jpg,no,0
no772.jpg,no,0
no1071.jpg,no,0
no1065.jpg,no,0
no766.jpg,no,0
no996.jpg,no,0
no1059.jpg,no,0
no982.jpg,no,0
no1298.jpg,no,0
no216.jpg,no,0
no1273.jpg,no,0
no570.jpg,no,0
no564.jpg,no,0
no1267.jpg,no,0
no202.jpg,no,0
no35.jpg,no,0
no21.jpg,no,0
no558.jpg,no,0
no389.jpg,no,0
no362.jpg,no,0
no1307.jpg,no,0
no1461.jpg,no,0
no404.jpg,no,0
no410.jpg,no,0
no1475.jpg,no,0
no1313.jpg,no,0
no376.jpg,no,0
no438.jpg,no,0
no1449.jpg,no,0
no809.jpg,no,0
no821.jpg,no,0
no835.jpg,no,0
no606.jpg,no,0
no1105.jpg,no,0
no160.jpg,no,0
no174.jpg,no,0
no1111.jpg,no,0
no612.jpg,no,0
no1139.jpg,no,0
no148.jpg,no,0
no113.jpg,no,0
no1176.jpg,no,0
no675.jpg,no,0
no661.jpg,no,0
no1162.jpg,no,0
no107.jpg,no,0
no649.jpg,no,0
no891.jpg,no,0
no885.jpg,no,0
no1189.jpg,no,0
no852.jpg,no,0
no846.jpg,no,0
no477.jpg,no,0
no1412.jpg,no,0
no1374.jpg,no,0
no311.jpg,no,0
no305.jpg,no,0
no1360.jpg,no,0
no1406.jpg,no,0
no463.jpg,no,0
no1348.jpg,no,0
no339.jpg,no,0
no488.jpg,no,0
no503.jpg,no,0
no1200.jpg,no,0
no265.jpg,no,0
no271.jpg,no,0
no1214.jpg,no,0
no517.jpg,no,0
no46.jpg,no,0
no259.jpg,no,0
no1228.jpg,no,0
no52.jpg,no,0
no85.jpg,no,0
no91.jpg,no,0
no1002.jpg,no,0
no3.jpg,no,0
no701.jpg,no,0
no715.jpg,no,0
no1016.jpg,no,0
no729.jpg,no,0
no926.jpg,no,0
no932.jpg,no,0
no933.jpg,no,0
no927.jpg,no,0
no728.jpg,no,0
no714.jpg,no,0
no1017.jpg,no,0
no1003.jpg,no,0
no700.jpg,no,0
no2.jpg,no,0
no90.jpg,no,0
no84.jpg,no,0
no1229.jpg,no,0
no53.jpg,no,0
no47.jpg,no,0
no258.jpg,no,0
no1215.jpg,no,0
no270.jpg,no,0
no516.jpg,no,0
no502.jpg,no,0
no264.jpg,no,0
no1201.jpg,no,0
no489.jpg,no,0
no338.jpg,no,0
no1349.jpg,no,0
no1361.jpg,no,0
no304.jpg,no,0
no462.jpg,no,0
no1407.jpg,no,0
no1413.jpg,no,0
no476.jpg,no,0
no310.jpg,no,0
no1375.jpg,no,0
no847.jpg,no,0
no1188.jpg,no,0
no853.jpg,no,0
no884.jpg,no,0
no890.jpg,no,0
no648.jpg,no,0
no660.jpg,no,0
no106.jpg,no,0
no1163.jpg,no,0
no1177.jpg,no,0
no112.jpg,no,0
no674.jpg,no,0
no1161.jpg,no,0
no104.jpg,no,0
no662.jpg,no,0
no676.jpg,no,0
no110.jpg,no,0
no1175.jpg,no,0
no138.jpg,no,0
no886.jpg,no,0
no892.jpg,no,0
no1149.jpg,no,0
no879.jpg,no,0
no845.jpg,no,0
no851.jpg,no,0
no689.jpg,no,0
no1405.jpg,no,0
no460.jpg,no,0
no306.jpg,no,0
no1363.jpg,no,0
no1377.jpg,no,0
no312.jpg,no,0
no474.jpg,no,0
no1411.jpg,no,0
no1439.jpg,no,0
no448.jpg,no,0
no1388.jpg,no,0
no514.jpg,no,0
no272.jpg,no,0
no1217.jpg,no,0
no1203.jpg,no,0
no266.jpg,no,0
no500.jpg,no,0
no79.jpg,no,0
no528.jpg,no,0
no51.jpg,no,0
no45.jpg,no,0
no92.jpg,no,0
no299.jpg,no,0
no86.jpg,no,0
no1015.jpg,no,0
no716.jpg,no,0
no0.jpg,no,0
no702.jpg,no,0
no1001.jpg,no,0
no1029.jpg,no,0
no919.jpg,no,0
no931.jpg,no,0
no925.jpg,no,0
no924.jpg,no,0
no930.jpg,no,0
no918.jpg,no,0
no1028.jpg,no,0
no703.jpg,no,0
no1.jpg,no,0
no1000.jpg,no,0
no1014.jpg,no,0
no717.jpg,no,0
no298.jpg,no,0
no87.jpg,no,0
no93.jpg,no,0
no44.jpg,no,0
no50.jpg,no,0
no529.jpg,no,0
no267.jpg,no,0
no1202.jpg,no,0
no78.jpg,no,0
no501.jpg,no,0
no515.jpg,no,0
no1216.jpg,no,0
no273.jpg,no,0
no1389.jpg,no,0
no449.jpg,no,0
no1438.jpg,no,0
no313.jpg,no,0
no1376.jpg,no,0
no1410.jpg,no,0
no475.jpg,no,0
no461.jpg,no,0
no1404.jpg,no,0
no1362.jpg,no,0
no307.jpg,no,0
no688.jpg,no,0
no850.jpg,no,0
no844.jpg,no,0
no878.jpg,no,0
no893.jpg,no,0
no1148.jpg,no,0
no139.jpg,no,0
no887.jpg,no,0
no677.jpg,no,0
no1174.jpg,no,0
no111.jpg,no,0
no105.jpg,no,0
no1160.jpg,no,0
no663.jpg,no,0
no883.jpg,no,0
no1158.jpg,no,0
no129.jpg,no,0
no897.jpg,no,0
no667.jpg,no,0
no1164.jpg,no,0
no101.jpg,no,0
no115.jpg,no,0
no1170.jpg,no,0
no673.jpg,no,0
no840.jpg,no,0
no698.jpg,no,0
no854.jpg,no,0
no868.jpg,no,0
no459.jpg,no,0
no1428.jpg,no,0
no303.jpg,no,0
no1366.jpg,no,0
no1400.jpg,no,0
no465.jpg,no,0
no471.jpg,no,0
no1414.jpg,no,0
no1372.jpg,no,0
no317.jpg,no,0
no1399.jpg,no,0
no54.jpg,no,0
no539.jpg,no,0
no40.jpg,no,0
no277.jpg,no,0
no1212.jpg,no,0
no511.jpg,no,0
no68.jpg,no,0
no505.jpg,no,0
no1206.jpg,no,0
no263.jpg,no,0
no288.jpg,no,0
no97.jpg,no,0
no83.jpg,no,0
no1038.jpg,no,0
no713.jpg,no,0
no1010.jpg,no,0
no1004.jpg,no,0
no5.jpg,no,0
no707.jpg,no,0
no934.jpg,no,0
no920.jpg,no,0
no908.jpg,no,0
no909.jpg,no,0
no921.jpg,no,0
no935.jpg,no,0
no1005.jpg,no,0
no706.jpg,no,0
no4.jpg,no,0
no712.jpg,no,0
no1011.jpg,no,0
no1039.jpg,no,0
no82.jpg,no,0
no289.jpg,no,0
no96.jpg,no,0
no504.jpg,no,0
no262.jpg,no,0
no1207.jpg,no,0
no1213.jpg,no,0
no276.jpg,no,0
no69.jpg,no,0
no510.jpg,no,0
no41.jpg,no,0
no538.jpg,no,0
no55.jpg,no,0
no1398.jpg,no,0
no1415.jpg,no,0
no470.jpg,no,0
no316.jpg,no,0
no1373.jpg,no,0
no1367.jpg,no,0
no302.jpg,no,0
no464.jpg,no,0
no1401.jpg,no,0
no1429.jpg,no,0
no458.jpg,no,0
no869.jpg,no,0
no855.jpg,no,0
no699.jpg,no,0
no841.jpg,no,0
no1171.jpg,no,0
no114.jpg,no,0
no672.jpg,no,0
no666.jpg,no,0
no100.jpg,no,0
no1165.jpg,no,0
no128.jpg,no,0
no896.jpg,no,0
no882.jpg,no,0
no1159.jpg,no,0
no894.jpg,no,0
no658.jpg,no,0
no880.jpg,no,0
no670.jpg,no,0
no116.jpg,no,0
no1173.jpg,no,0
no1167.jpg,no,0
no102.jpg,no,0
no664.jpg,no,0
no857.jpg,no,0
no1198.jpg,no,0
no843.jpg,no,0
no328.jpg,no,0
no1359.jpg,no,0
no1371.jpg,no,0
no314.jpg,no,0
no472.jpg,no,0
no1417.jpg,no,0
no1403.jpg,no,0
no466.jpg,no,0
no300.jpg,no,0
no1365.jpg,no,0
no499.jpg,no,0
no1239.jpg,no,0
no43.jpg,no,0
no57.jpg,no,0
no248.jpg,no,0
no1205.jpg,no,0
no260.jpg,no,0
no506.jpg,no,0
no512.jpg,no,0
no274.jpg,no,0
no1211.jpg,no,0
no80.jpg,no,0
no94.jpg,no,0
no738.jpg,no,0
no6.jpg,no,0
no704.jpg,no,0
no1007.jpg,no,0
no1013.jpg,no,0
no710.jpg,no,0
no923.jpg,no,0
no937.jpg,no,0
no936.jpg,no,0
no922.jpg,no,0
no1012.jpg,no,0
no711.jpg,no,0
no705.jpg,no,0
no7.jpg,no,0
no1006.jpg,no,0
no739.jpg,no,0
no95.jpg,no,0
no81.jpg,no,0
no513.jpg,no,0
no1210.jpg,no,0
no275.jpg,no,0
no261.jpg,no,0
no1204.jpg,no,0
no507.jpg,no,0
no56.jpg,no,0
no249.jpg,no,0
no1238.jpg,no,0
no42.jpg,no,0
no498.jpg,no,0
no467.jpg,no,0
no1402.jpg,no,0
no1364.jpg,no,0
no301.jpg,no,0
no315.jpg,no,0
no1370.jpg,no,0
no1416.jpg,no,0
no473.jpg,no,0
no1358.jpg,no,0
no329.jpg,no,0
no1199.jpg,no,0
no842.jpg,no,0
no856.jpg,no,0
no103.jpg,no,0
no1166.jpg,no,0
no665.jpg,no,0
no671.jpg,no,0
no1172.jpg,no,0
no117.jpg,no,0
no881.jpg,no,0
no659.jpg,no,0
no895.jpg,no,0
