{
    "os": "Linux-6.1.58+-x86_64-with-glibc2.35",
    "python": "3.10.12",
    "heartbeatAt": "2024-02-11T08:17:34.780007",
    "startedAt": "2024-02-11T08:17:33.158293",
    "docker": null,
    "cuda": null,
    "args": [],
    "state": "running",
    "program": "Run_Augment.ipynb",
    "codePathLocal": "Run_Augment.ipynb",
    "colab": "https://colab.research.google.com/notebook#fileId=1RGrbgxSq-KA7nMZD2a25XmEkKHGe4kSF",
    "host": "eae44ec369a3",
    "username": "root",
    "executable": "/usr/bin/python3",
    "cpu_count": 1,
    "cpu_count_logical": 2,
    "cpu_freq": {
        "current": 2199.998,
        "min": 0.0,
        "max": 0.0
    },
    "cpu_freq_per_core": [
        {
            "current": 2199.998,
            "min": 0.0,
            "max": 0.0
        },
        {
            "current": 2199.998,
            "min": 0.0,
            "max": 0.0
        }
    ],
    "disk": {
        "/": {
            "total": 107.71508407592773,
            "used": 26.33795166015625
        }
    },
    "memory": {
        "total": 12.674789428710938
    }
}
