{
    "os": "Linux-6.1.58+-x86_64-with-glibc2.35",
    "python": "3.10.12",
    "heartbeatAt": "2024-02-13T15:52:23.061600",
    "startedAt": "2024-02-13T15:52:20.705036",
    "docker": null,
    "cuda": null,
    "args": [],
    "state": "running",
    "program": "Run_NoAugment.ipynb",
    "codePathLocal": "Run_NoAugment.ipynb",
    "colab": "https://colab.research.google.com/notebook#fileId=1XZPyTaaIL9hLLgxH9xJdTkF-XLRZsqzm",
    "host": "b4eaeeadc418",
    "username": "root",
    "executable": "/usr/bin/python3",
    "cpu_count": 1,
    "cpu_count_logical": 2,
    "cpu_freq": {
        "current": 2000.174,
        "min": 0.0,
        "max": 0.0
    },
    "cpu_freq_per_core": [
        {
            "current": 2000.174,
            "min": 0.0,
            "max": 0.0
        },
        {
            "current": 2000.174,
            "min": 0.0,
            "max": 0.0
        }
    ],
    "disk": {
        "/": {
            "total": 166.77415084838867,
            "used": 26.338394165039062
        }
    },
    "gpu": "Tesla V100-SXM2-16GB",
    "gpu_count": 1,
    "gpu_devices": [
        {
            "name": "Tesla V100-SXM2-16GB",
            "memory_total": 17179869184
        }
    ],
    "memory": {
        "total": 12.674789428710938
    }
}
