{
    "os": "Linux-6.1.58+-x86_64-with-glibc2.35",
    "python": "3.10.12",
    "heartbeatAt": "2024-02-16T07:04:48.351116",
    "startedAt": "2024-02-16T07:04:46.821953",
    "docker": null,
    "cuda": null,
    "args": [],
    "state": "running",
    "program": "Run_NoAugment.ipynb",
    "codePathLocal": "Run_NoAugment.ipynb",
    "colab": "https://colab.research.google.com/notebook#fileId=13YH_C1aGVjEKyeZ4WLfjNB1XsK3fN2pO",
    "host": "de44e5232c6a",
    "username": "root",
    "executable": "/usr/bin/python3",
    "cpu_count": 1,
    "cpu_count_logical": 2,
    "cpu_freq": {
        "current": 2000.134,
        "min": 0.0,
        "max": 0.0
    },
    "cpu_freq_per_core": [
        {
            "current": 2000.134,
            "min": 0.0,
            "max": 0.0
        },
        {
            "current": 2000.134,
            "min": 0.0,
            "max": 0.0
        }
    ],
    "disk": {
        "/": {
            "total": 78.1898422241211,
            "used": 26.344261169433594
        }
    },
    "gpu": "Tesla T4",
    "gpu_count": 1,
    "gpu_devices": [
        {
            "name": "Tesla T4",
            "memory_total": 16106127360
        }
    ],
    "memory": {
        "total": 12.674789428710938
    }
}
