{
    "os": "Linux-6.1.58+-x86_64-with-glibc2.35",
    "python": "3.10.12",
    "heartbeatAt": "2024-02-12T08:00:08.315737",
    "startedAt": "2024-02-12T08:00:06.231887",
    "docker": null,
    "cuda": null,
    "args": [],
    "state": "running",
    "program": "Run_NoAugment.ipynb",
    "codePathLocal": "Run_NoAugment.ipynb",
    "colab": "https://colab.research.google.com/notebook#fileId=1XZPyTaaIL9hLLgxH9xJdTkF-XLRZsqzm",
    "host": "b744017a7990",
    "username": "root",
    "executable": "/usr/bin/python3",
    "cpu_count": 1,
    "cpu_count_logical": 2,
    "cpu_freq": {
        "current": 2000.206,
        "min": 0.0,
        "max": 0.0
    },
    "cpu_freq_per_core": [
        {
            "current": 2000.206,
            "min": 0.0,
            "max": 0.0
        },
        {
            "current": 2000.206,
            "min": 0.0,
            "max": 0.0
        }
    ],
    "disk": {
        "/": {
            "total": 166.77415084838867,
            "used": 26.354419708251953
        }
    },
    "gpu": "Tesla T4",
    "gpu_count": 1,
    "gpu_devices": [
        {
            "name": "Tesla T4",
            "memory_total": 16106127360
        }
    ],
    "memory": {
        "total": 12.674789428710938
    }
}
