{
    "os": "macOS-14.0-arm64-arm-64bit",
    "python": "3.11.7",
    "heartbeatAt": "2024-02-08T15:14:17.508746",
    "startedAt": "2024-02-08T15:14:16.686582",
    "docker": null,
    "cuda": null,
    "args": [],
    "state": "running",
    "program": "<python with no main file>",
    "codePathLocal": null,
    "host": "Jungwooui-MacBookAir.local",
    "username": "jungwoo",
    "executable": "/Users/jungwoo/anaconda3/bin/python",
    "cpu_count": 8,
    "cpu_count_logical": 8,
    "cpu_freq": {
        "current": 3204,
        "min": 600,
        "max": 3204
    },
    "cpu_freq_per_core": [
        {
            "current": 3204,
            "min": 600,
            "max": 3204
        }
    ],
    "disk": {
        "/": {
            "total": 228.27386474609375,
            "used": 86.63101577758789
        }
    },
    "gpuapple": {
        "type": "arm",
        "vendor": "Apple"
    },
    "memory": {
        "total": 8.0
    }
}
