{
    "os": "Linux-6.1.58+-x86_64-with-glibc2.35",
    "python": "3.10.12",
    "heartbeatAt": "2024-02-18T10:50:01.759247",
    "startedAt": "2024-02-18T10:49:59.106136",
    "docker": null,
    "cuda": null,
    "args": [],
    "state": "running",
    "program": "Run_NoAugment.ipynb",
    "codePathLocal": "Run_NoAugment.ipynb",
    "colab": "https://colab.research.google.com/notebook#fileId=1wpoNQ-SHaFPTSqgYxoNBWdTnuJYQ8W5w",
    "host": "0e320116f0c8",
    "username": "root",
    "executable": "/usr/bin/python3",
    "cpu_count": 1,
    "cpu_count_logical": 2,
    "cpu_freq": {
        "current": 2199.998,
        "min": 0.0,
        "max": 0.0
    },
    "cpu_freq_per_core": [
        {
            "current": 2199.998,
            "min": 0.0,
            "max": 0.0
        },
        {
            "current": 2199.998,
            "min": 0.0,
            "max": 0.0
        }
    ],
    "disk": {
        "/": {
            "total": 78.1898422241211,
            "used": 26.34363555908203
        }
    },
    "gpu": "Tesla T4",
    "gpu_count": 1,
    "gpu_devices": [
        {
            "name": "Tesla T4",
            "memory_total": 16106127360
        }
    ],
    "memory": {
        "total": 12.674781799316406
    }
}
