{
    "os": "macOS-14.3-arm64-arm-64bit",
    "python": "3.12.1",
    "heartbeatAt": "2024-02-13T11:58:43.112012",
    "startedAt": "2024-02-13T11:58:34.529510",
    "docker": null,
    "cuda": null,
    "args": [],
    "state": "running",
    "program": "<python with no main file>",
    "codePathLocal": null,
    "host": "Jungui-MacBookPro.local",
    "username": "sjung",
    "executable": "/Users/sjung/anaconda3/envs/sjung055/bin/python",
    "cpu_count": 11,
    "cpu_count_logical": 11,
    "disk": {
        "/": {
            "total": 926.3517189025879,
            "used": 146.82890701293945
        }
    },
    "gpuapple": {
        "type": "arm",
        "vendor": "Apple"
    },
    "memory": {
        "total": 18.0
    }
}
