{
    "os": "Linux-6.1.58+-x86_64-with-glibc2.35",
    "python": "3.10.12",
    "heartbeatAt": "2024-02-13T15:14:01.581125",
    "startedAt": "2024-02-13T15:13:58.798673",
    "docker": null,
    "cuda": null,
    "args": [],
    "state": "running",
    "program": "Run_Augment.ipynb",
    "codePathLocal": "Run_Augment.ipynb",
    "colab": "https://colab.research.google.com/notebook#fileId=1wfrznWwj2WQ4Y6nWOljrmGGagmCjwe_3",
    "host": "a480c24ff137",
    "username": "root",
    "executable": "/usr/bin/python3",
    "cpu_count": 1,
    "cpu_count_logical": 2,
    "cpu_freq": {
        "current": 2199.998,
        "min": 0.0,
        "max": 0.0
    },
    "cpu_freq_per_core": [
        {
            "current": 2199.998,
            "min": 0.0,
            "max": 0.0
        },
        {
            "current": 2199.998,
            "min": 0.0,
            "max": 0.0
        }
    ],
    "disk": {
        "/": {
            "total": 166.77415084838867,
            "used": 26.338294982910156
        }
    },
    "gpu": "Tesla T4",
    "gpu_count": 1,
    "gpu_devices": [
        {
            "name": "Tesla T4",
            "memory_total": 16106127360
        }
    ],
    "memory": {
        "total": 12.674781799316406
    }
}
