{
    "os": "Linux-6.1.58+-x86_64-with-glibc2.35",
    "python": "3.10.12",
    "heartbeatAt": "2024-02-14T05:01:55.127820",
    "startedAt": "2024-02-14T05:01:52.524339",
    "docker": null,
    "cuda": null,
    "args": [],
    "state": "running",
    "program": "Run_Augment.ipynb",
    "codePathLocal": "Run_Augment.ipynb",
    "colab": "https://colab.research.google.com/notebook#fileId=1zXEB0tcoWUDxKnYsyCMat-NHpAupccez",
    "host": "b01be759ebb6",
    "username": "root",
    "executable": "/usr/bin/python3",
    "cpu_count": 1,
    "cpu_count_logical": 2,
    "cpu_freq": {
        "current": 2000.172,
        "min": 0.0,
        "max": 0.0
    },
    "cpu_freq_per_core": [
        {
            "current": 2000.172,
            "min": 0.0,
            "max": 0.0
        },
        {
            "current": 2000.172,
            "min": 0.0,
            "max": 0.0
        }
    ],
    "disk": {
        "/": {
            "total": 78.1898422241211,
            "used": 26.342823028564453
        }
    },
    "gpu": "Tesla T4",
    "gpu_count": 1,
    "gpu_devices": [
        {
            "name": "Tesla T4",
            "memory_total": 16106127360
        }
    ],
    "memory": {
        "total": 12.674789428710938
    }
}
