{
    "os": "Linux-6.1.58+-x86_64-with-glibc2.35",
    "python": "3.10.12",
    "heartbeatAt": "2024-02-16T09:00:49.350800",
    "startedAt": "2024-02-16T09:00:47.963953",
    "docker": null,
    "cuda": null,
    "args": [],
    "state": "running",
    "program": "Untitled0.ipynb",
    "codePathLocal": null,
    "colab": "https://colab.research.google.com/notebook#fileId=1dHMvnNXnmd8lyODXUKrvEKNrzYsEzwJp",
    "host": "46cd32533584",
    "username": "root",
    "executable": "/usr/bin/python3",
    "cpu_count": 1,
    "cpu_count_logical": 2,
    "cpu_freq": {
        "current": 2200.208,
        "min": 0.0,
        "max": 0.0
    },
    "cpu_freq_per_core": [
        {
            "current": 2200.208,
            "min": 0.0,
            "max": 0.0
        },
        {
            "current": 2200.208,
            "min": 0.0,
            "max": 0.0
        }
    ],
    "disk": {
        "/": {
            "total": 107.71508407592773,
            "used": 26.345233917236328
        }
    },
    "memory": {
        "total": 12.674789428710938
    }
}
